username,passwrod
jxyfwrj,
admin,
jaly50,
Warald,
Warald,
cxb1027,
xinrong,
zyszys3,
060601199,
Warald,
zhongweiqing,
popandroid,
zkh1991,
northpoint,
Alanjandro,
gocong,
bbfee,
fangl086,
huanyingrain,
hzq1001,
halo,
AUBREYLIU,
lightiris,
lightiris,
lightiris,
shiningdong,
sky_0502,
lightiris,
lightiris,
landuostorm,
ballade,
caitoc,
pswpswpsw,
b92902121,
pswpswpsw,
DreamBoy,
banwang27,
huanyingrain,
huanyingrain,
huanyingrain,
fbr1992,
karic,
kevinwbf,
huizhuo1987,
larry0317,
DreamBoy,
feiryun,
monosketch,
spell,
monosketch,
zmshen2009,
thaleslee,
thaleslee,
zhangjiaxin,
wdyarthas,
zkcrazy,
hzy922,
liwende_yecao,
zlawliet,
shijbian,
chrishacker,
babyface52j,
378543248,
waittingforyou,
charmofvenus,
larry0317,
sandouliu,
skipper,
skipper,
xywust,
carter13466,
Fukuraki,
skywalker2013,
lightiris,
larry0317,
larry0317,
username,passwrod
jxyfwrj,
admin,
jaly50,
Warald,
Warald,
cxb1027,
xinrong,
zyszys3,
060601199,
Warald,
zhongweiqing,
popandroid,
zkh1991,
northpoint,
Alanjandro,
gocong,
bbfee,
fangl086,
huanyingrain,
hzq1001,
halo,
AUBREYLIU,
lightiris,
lightiris,
lightiris,
shiningdong,
sky_0502,
lightiris,
lightiris,
landuostorm,
ballade,
caitoc,
pswpswpsw,
b92902121,
pswpswpsw,
DreamBoy,
banwang27,
huanyingrain,
huanyingrain,
huanyingrain,
fbr1992,
karic,
kevinwbf,
huizhuo1987,
larry0317,
DreamBoy,
feiryun,
monosketch,
spell,
monosketch,
zmshen2009,
thaleslee,
thaleslee,
zhangjiaxin,
wdyarthas,
zkcrazy,
hzy922,
liwende_yecao,
zlawliet,
shijbian,
chrishacker,
babyface52j,
378543248,
waittingforyou,
charmofvenus,
larry0317,
sandouliu,
skipper,
skipper,
xywust,
carter13466,
Fukuraki,
skywalker2013,
lightiris,
larry0317,
larry0317,
